{
	"cars": [{
			"ID": "1",
			"Brand": "Toyota",
			"Model": "Corolla",
			"Color": "Red",
			"Year": "2020",
			"FuelType": "Petrol",
			"Horsepower": "150",
			"Price": "20000",
			"Mileage": "30",
			"Condition": "New"
		}, {
			"ID": "2",
			"Brand": "Honda",
			"Model": "Civic",
			"Color": "Blue",
			"Year": "2019",
			"FuelType": "Petrol",
			"Horsepower": "140",
			"Price": "18000",
			"Mileage": "35",
			"Condition": "Used"
		}, {
			"ID": "3",
			"Brand": "Ford",
			"Model": "Mustang",
			"Color": "Yellow",
			"Year": "2021",
			"FuelType": "Diesel",
			"Horsepower": "200",
			"Price": "30000",
			"Mileage": "25",
			"Condition": "New"
		}, {
			"ID": "4",
			"Brand": "Chevrolet",
			"Model": "Camaro",
			"Color": "Black",
			"Year": "2018",
			"FuelType": "Petrol",
			"Horsepower": "180",
			"Price": "25000",
			"Mileage": "28",
			"Condition": "Used"
		}, {
			"ID": "5",
			"Brand": "BMW",
			"Model": "3 Series",
			"Color": "White",
			"Year": "2017",
			"FuelType": "Petrol",
			"Horsepower": "170",
			"Price": "22000",
			"Mileage": "32",
			"Condition": "Used"
		}, {
			"ID": "6",
			"Brand": "Mercedes-Benz",
			"Model": "C-Class",
			"Color": "Silver",
			"Year": "2019",
			"FuelType": "Diesel",
			"Horsepower": "190",
			"Price": "28000",
			"Mileage": "27",
			"Condition": "New"
		}, {
			"ID": "7",
			"Brand": "Audi",
			"Model": "A4",
			"Color": "Green",
			"Year": "2018",
			"FuelType": "Petrol",
			"Horsepower": "160",
			"Price": "23000",
			"Mileage": "29",
			"Condition": "Used"
		}, {
			"ID": "8",
			"Brand": "Volkswagen",
			"Model": "Golf",
			"Color": "Blue",
			"Year": "2020",
			"FuelType": "Petrol",
			"Horsepower": "150",
			"Price": "20000",
			"Mileage": "31",
			"Condition": "New"
		}, {
			"ID": "9",
			"Brand": "Hyundai",
			"Model": "Elantra",
			"Color": "Gray",
			"Year": "2019",
			"FuelType": "Petrol",
			"Horsepower": "140",
			"Price": "18000",
			"Mileage": "33",
			"Condition": "Used"
		}, {
			"ID": "10",
			"Brand": "Kia",
			"Model": "Optima",
			"Color": "Red",
			"Year": "2021",
			"FuelType": "Diesel",
			"Horsepower": "200",
			"Price": "30000",
			"Mileage": "26",
			"Condition": "New"
		}, {
			"ID": "11",
			"Brand": "Nissan",
			"Model": "Altima",
			"Color": "White",
			"Year": "2018",
			"FuelType": "Petrol",
			"Horsepower": "180",
			"Price": "25000",
			"Mileage": "28",
			"Condition": "Used"
		}, {
			"ID": "12",
			"Brand": "Tesla",
			"Model": "Model 3",
			"Color": "Blue",
			"Year": "2017",
			"FuelType": "Electric",
			"Horsepower": "N/A",
			"Price": "45000",
			"Mileage": "250",
			"Condition": "New"
		}, {
			"ID": "13",
			"Brand": "Toyota",
			"Model": "Corolla",
			"Color": "Red",
			"Year": "2020",
			"FuelType": "Petrol",
			"Horsepower": "150",
			"Price": "20000",
			"Mileage": "30",
			"Condition": "New"
		}, {
			"ID": "14",
			"Brand": "Honda",
			"Model": "Civic",
			"Color": "Blue",
			"Year": "2019",
			"FuelType": "Petrol",
			"Horsepower": "140",
			"Price": "18000",
			"Mileage": "35",
			"Condition": "Used"
		}, {
			"ID": "15",
			"Brand": "Ford",
			"Model": "Mustang",
			"Color": "Yellow",
			"Year": "2021",
			"FuelType": "Diesel",
			"Horsepower": "200",
			"Price": "30000",
			"Mileage": "25",
			"Condition": "New"
		}, {
			"ID": "16",
			"Brand": "Chevrolet",
			"Model": "Camaro",
			"Color": "Black",
			"Year": "2018",
			"FuelType": "Petrol",
			"Horsepower": "180",
			"Price": "25000",
			"Mileage": "28",
			"Condition": "Used"
		}, {
			"ID": "17",
			"Brand": "BMW",
			"Model": "3 Series",
			"Color": "White",
			"Year": "2017",
			"FuelType": "Petrol",
			"Horsepower": "170",
			"Price": "22000",
			"Mileage": "32",
			"Condition": "Used"
		}, {
			"ID": "18",
			"Brand": "Mercedes-Benz",
			"Model": "C-Class",
			"Color": "Silver",
			"Year": "2019",
			"FuelType": "Diesel",
			"Horsepower": "190",
			"Price": "28000",
			"Mileage": "27",
			"Condition": "New"
		}, {
			"ID": "19",
			"Brand": "Audi",
			"Model": "A4",
			"Color": "Green",
			"Year": "2018",
			"FuelType": "Petrol",
			"Horsepower": "160",
			"Price": "23000",
			"Mileage": "29",
			"Condition": "Used"
		}, {
			"ID": "20",
			"Brand": "Volkswagen",
			"Model": "Golf",
			"Color": "Blue",
			"Year": "2020",
			"FuelType": "Petrol",
			"Horsepower": "150",
			"Price": "20000",
			"Mileage": "31",
			"Condition": "New"
		}, {
			"ID": "21",
			"Brand": "Hyundai",
			"Model": "Elantra",
			"Color": "Gray",
			"Year": "2019",
			"FuelType": "Petrol",
			"Horsepower": "140",
			"Price": "18000",
			"Mileage": "33",
			"Condition": "Used"
		}, {
			"ID": "22",
			"Brand": "Kia",
			"Model": "Optima",
			"Color": "Red",
			"Year": "2021",
			"FuelType": "Diesel",
			"Horsepower": "200",
			"Price": "30000",
			"Mileage": "26",
			"Condition": "New"
		}, {
			"ID": "23",
			"Brand": "Nissan",
			"Model": "Altima",
			"Color": "White",
			"Year": "2018",
			"FuelType": "Petrol",
			"Horsepower": "180",
			"Price": "25000",
			"Mileage": "28",
			"Condition": "Used"
		}, {
			"ID": "22",
			"Brand": "Kia",
			"Model": "Optima",
			"Color": "Red",
			"Year": "2021",
			"FuelType": "Diesel",
			"Horsepower": "200",
			"Price": "30000",
			"Mileage": "26",
			"Condition": "New"
		}, {
			"ID": "23",
			"Brand": "Nissan",
			"Model": "Altima",
			"Color": "White",
			"Year": "2018",
			"FuelType": "Petrol",
			"Horsepower": "180",
			"Price": "25000",
			"Mileage": "28",
			"Condition": "Used"
		}]
	}